text,category
patient registration portal is unavailable,Patient Registration
registration system is not opening,Patient Registration
unable to register a new patient,Patient Registration
patient intake screen is not loading,Patient Registration
registration workstation shows an error,Patient Registration
new patient registration failed,Patient Registration
registration portal is down at reception,Patient Registration
patient intake form cannot be submitted,Patient Registration
registration application stopped responding,Patient Registration
reception cannot access the registration system,Patient Registration
patient registration page keeps timing out,Patient Registration
registration service is unavailable,Patient Registration
staff cannot create a patient record,Patient Registration
patient intake portal is not working,Patient Registration
registration system displays an error message,Patient Registration
unable to complete patient registration,Patient Registration
registration terminal is offline,Patient Registration
patient registration database connection failed,Patient Registration
registration screen freezes during submission,Patient Registration
morning registration portal outage,Patient Registration
laboratory system is not displaying today's test results,Laboratory
lab results are not syncing to the hospital system,Laboratory
laboratory portal is unavailable,Laboratory
test result screen is not loading,Laboratory
lab system shows a synchronization error,Laboratory
laboratory application is not responding,Laboratory
staff cannot access the lab results portal,Laboratory
test results are missing from the system,Laboratory
lab interface is showing an error,Laboratory
laboratory data is not updating,Laboratory
lab result synchronization has failed,Laboratory
laboratory workstation cannot connect to the system,Laboratory
test results are delayed in the portal,Laboratory
lab application timed out,Laboratory
laboratory records are not appearing in the system,Laboratory
lab system connection is unavailable,Laboratory
staff cannot retrieve laboratory results,Laboratory
laboratory dashboard is not refreshing,Laboratory
lab integration is offline,Laboratory
test result portal is currently unavailable,Laboratory
pharmacy system is showing an error,Pharmacy
pharmacy application is unavailable,Pharmacy
pharmacy workstation cannot connect,Pharmacy
prescription validation system is not responding,Pharmacy
pharmacy portal keeps timing out,Pharmacy
staff cannot access the pharmacy system,Pharmacy
pharmacy application stopped working,Pharmacy
pharmacy queue screen is frozen,Pharmacy
pharmacy system connection failed,Pharmacy
dispensing system is unavailable,Pharmacy
pharmacy software displays an error,Pharmacy
pharmacy workstation is offline,Pharmacy
prescription processing screen is not loading,Pharmacy
pharmacy system cannot save a transaction,Pharmacy
pharmacy portal is not responding,Pharmacy
pharmacy application has lost connectivity,Pharmacy
staff are unable to log into the pharmacy system,Pharmacy
pharmacy service is currently down,Pharmacy
pharmacy transaction system is unavailable,Pharmacy
pharmacy software is experiencing a timeout,Pharmacy
billing portal is unavailable,Billing
hospital billing system is not working,Billing
billing application shows an error,Billing
insurance claim gateway is unavailable,Billing
staff cannot access the billing portal,Billing
billing workstation cannot connect,Billing
invoice screen is not loading,Billing
billing system keeps timing out,Billing
claim submission system is down,Billing
billing application stopped responding,Billing
hospital billing portal is offline,Billing
insurance processing screen shows an error,Billing
billing records are not updating,Billing
unable to submit a billing request,Billing
billing system connection failed,Billing
claim gateway connection lost,Billing
billing dashboard is frozen,Billing
staff cannot process billing information,Billing
billing service is unavailable,Billing
invoice processing application is not responding,Billing
appointment booking system is unavailable,Appointment
unable to schedule an appointment,Appointment
appointment portal is not loading,Appointment
scheduling system shows an error,Appointment
staff cannot access the appointment system,Appointment
appointment application keeps timing out,Appointment
outpatient scheduling system is frozen,Appointment
appointment booking failed,Appointment
scheduling portal is offline,Appointment
cannot reschedule an appointment in the system,Appointment
appointment database is unavailable,Appointment
booking screen is not responding,Appointment
appointment system connection failed,Appointment
staff cannot update an appointment,Appointment
scheduling application stopped working,Appointment
appointment portal displays an error,Appointment
booking service is currently unavailable,Appointment
appointment records are not loading,Appointment
scheduling workstation cannot connect,Appointment
appointment management system is down,Appointment
hospital network connection is down,Hospital Network
network is unavailable in the emergency department,Hospital Network
hospital internet connection is not working,Hospital Network
staff workstation has no network access,Hospital Network
network connection keeps dropping,Hospital Network
hospital Wi-Fi is unavailable,Hospital Network
network switch appears to be offline,Hospital Network
clinical workstation cannot connect to the network,Hospital Network
network service is down on one floor,Hospital Network
hospital network is very unstable,Hospital Network
server room network connection failed,Hospital Network
network access is unavailable at reception,Hospital Network
hospital subnet is down,Hospital Network
workstations cannot reach the hospital network,Hospital Network
network outage is affecting a department,Hospital Network
wireless network is not available,Hospital Network
network connection error on hospital computers,Hospital Network
staff cannot access network services,Hospital Network
hospital connectivity has been lost,Hospital Network
network infrastructure is not responding,Hospital Network
staff cannot log in to the workstation,Staff Authentication
employee authentication is failing,Staff Authentication
hospital login system is unavailable,Staff Authentication
staff account authentication shows an error,Staff Authentication
unable to sign in to the hospital system,Staff Authentication
employee login keeps failing,Staff Authentication
staff authentication portal is not responding,Staff Authentication
workstation login service is down,Staff Authentication
staff credentials are not being accepted,Staff Authentication
authentication server connection failed,Staff Authentication
hospital account login is unavailable,Staff Authentication
staff cannot authenticate to the application,Staff Authentication
login screen shows an authentication error,Staff Authentication
employee access system is offline,Staff Authentication
staff sign-in service keeps timing out,Staff Authentication
unable to access the workstation with staff account,Staff Authentication
authentication service is not responding,Staff Authentication
staff login portal is unavailable,Staff Authentication
employee authentication system has stopped working,Staff Authentication
hospital user login is failing,Staff Authentication
barcode printer is offline,Equipment
hospital printer is not working,Equipment
medical equipment workstation has stopped responding,Equipment
scanner is not connecting to the system,Equipment
device shows an error message,Equipment
equipment terminal is offline,Equipment
printer cannot print labels,Equipment
barcode printer connection failed,Equipment
scanner application is not responding,Equipment
hospital device is not detected,Equipment
equipment workstation keeps freezing,Equipment
printer service is unavailable,Equipment
device connection has been lost,Equipment
equipment software shows an error,Equipment
label printer is not responding,Equipment
scanner is unavailable at the station,Equipment
hospital equipment interface is offline,Equipment
device cannot connect to the network,Equipment
printer workstation is not responding,Equipment
equipment support ticket for device failure,Equipment
registration desk cannot open the patient intake application,Patient Registration
patient intake portal returns an error when staff submit a form,Patient Registration
new patient record cannot be created in registration,Patient Registration
registration system is unavailable for front desk staff,Patient Registration
patient registration application is not connecting,Patient Registration
registration terminal cannot reach the hospital service,Patient Registration
patient intake software is stuck on the submission screen,Patient Registration
reception staff cannot save a new patient registration,Patient Registration
registration portal is returning a server error,Patient Registration
patient registration service stopped responding,Patient Registration
front desk registration system is offline,Patient Registration
patient intake workstation cannot access registration,Patient Registration
registration application is repeatedly timing out,Patient Registration
staff cannot update registration information in the system,Patient Registration
registration system failed during patient intake,Patient Registration
patient registration portal is showing a connection error,Patient Registration
new patient intake screen is unavailable,Patient Registration
registration records cannot be submitted,Patient Registration
registration software is not responding at the front desk,Patient Registration
patient registration service is experiencing an outage,Patient Registration
lab result portal cannot be reached by staff,Laboratory
laboratory system failed to load the results page,Laboratory
test results are not appearing in the laboratory application,Laboratory
lab workstation cannot retrieve results,Laboratory
laboratory interface is not receiving updates,Laboratory
lab system has stopped syncing results,Laboratory
laboratory results screen shows a connection error,Laboratory
staff cannot open the laboratory records,Laboratory
lab application is timing out when results are requested,Laboratory
laboratory portal is currently offline,Laboratory
test result data is not updating in the hospital system,Laboratory
laboratory workstation lost connection to the application,Laboratory
lab results interface is unavailable,Laboratory
laboratory software cannot display recent results,Laboratory
staff are unable to retrieve test results from the system,Laboratory
lab synchronization service is down,Laboratory
laboratory dashboard cannot connect to the database,Laboratory
test results are not being transferred to the hospital system,Laboratory
laboratory application is returning an error,Laboratory
lab records page is not responding,Laboratory
pharmacy portal cannot be opened,Pharmacy
pharmacy staff cannot access the dispensing application,Pharmacy
pharmacy system is returning a connection error,Pharmacy
pharmacy workstation has lost access to the application,Pharmacy
dispensing screen is not loading,Pharmacy
pharmacy software is repeatedly timing out,Pharmacy
pharmacy system cannot save the current transaction,Pharmacy
pharmacy application is showing a server error,Pharmacy
staff cannot retrieve information from the pharmacy system,Pharmacy
pharmacy portal has stopped responding,Pharmacy
pharmacy workstation cannot connect to the hospital service,Pharmacy
dispensing application is currently offline,Pharmacy
pharmacy system is unavailable at the counter,Pharmacy
pharmacy software cannot complete a transaction,Pharmacy
pharmacy application is frozen,Pharmacy
pharmacy service connection has failed,Pharmacy
pharmacy staff report an application outage,Pharmacy
pharmacy system cannot load the required screen,Pharmacy
pharmacy workstation is unable to reach the server,Pharmacy
pharmacy support system is not responding,Pharmacy
billing application cannot be opened,Billing
hospital billing portal is returning a server error,Billing
billing staff cannot submit a claim,Billing
insurance claim portal is not responding,Billing
billing workstation cannot reach the billing service,Billing
invoice application is unavailable,Billing
billing system has stopped updating records,Billing
claim submission screen is not loading,Billing
billing portal is experiencing repeated timeouts,Billing
staff cannot save billing information,Billing
hospital billing service is offline,Billing
insurance processing application is unavailable,Billing
billing dashboard is not responding,Billing
invoice system shows a connection error,Billing
claim gateway is not reachable,Billing
billing application has stopped responding,Billing
staff cannot open the hospital billing records,Billing
billing system cannot process the current request,Billing
insurance gateway connection has failed,Billing
billing support application is down,Billing
appointment scheduling portal cannot be opened,Appointment
staff cannot create a new appointment,Appointment
appointment application is returning an error,Appointment
scheduling system cannot save changes,Appointment
appointment portal is unavailable to staff,Appointment
booking system has stopped responding,Appointment
outpatient scheduling screen is not loading,Appointment
appointment service is experiencing an outage,Appointment
staff cannot access appointment records,Appointment
scheduling application is repeatedly timing out,Appointment
appointment database connection failed,Appointment
booking portal is offline,Appointment
appointment system cannot update a booking,Appointment
staff cannot cancel an appointment in the system,Appointment
scheduling workstation cannot reach the server,Appointment
appointment application is frozen,Appointment
booking service shows a connection error,Appointment
appointment management portal is unavailable,Appointment
staff cannot save an appointment change,Appointment
scheduling system is not responding,Appointment
hospital network is unavailable on the ward,Hospital Network
network access has failed in the laboratory,Hospital Network
emergency department workstations have lost network access,Hospital Network
hospital Wi-Fi connection is down,Hospital Network
network service cannot be reached from staff computers,Hospital Network
hospital computers cannot connect to the network,Hospital Network
network connection failed across a department,Hospital Network
hospital internet access is unavailable,Hospital Network
network switch is not responding,Hospital Network
staff report a network outage,Hospital Network
network connectivity is lost at the nursing station,Hospital Network
hospital network is unavailable in reception,Hospital Network
workstations cannot access internal network services,Hospital Network
wireless network is not connecting,Hospital Network
network infrastructure has stopped responding,Hospital Network
hospital network connection is intermittent,Hospital Network
department network access has been lost,Hospital Network
network service is offline at the hospital station,Hospital Network
staff computers cannot reach network resources,Hospital Network
hospital connectivity problem is affecting multiple workstations,Hospital Network
staff login portal cannot be opened,Staff Authentication
employee cannot sign in to the hospital workstation,Staff Authentication
authentication service is returning an error,Staff Authentication
staff account cannot authenticate,Staff Authentication
hospital login application is unavailable,Staff Authentication
employee sign-in keeps timing out,Staff Authentication
staff credentials are rejected by the system,Staff Authentication
authentication portal is offline,Staff Authentication
workstation cannot connect to the authentication service,Staff Authentication
staff access system has stopped responding,Staff Authentication
employee login screen is not loading,Staff Authentication
hospital authentication server is unavailable,Staff Authentication
staff cannot access the application after login,Staff Authentication
authentication service connection failed,Staff Authentication
employee account login is not working,Staff Authentication
staff sign-in application is frozen,Staff Authentication
hospital user authentication is unavailable,Staff Authentication
workstation login service cannot be reached,Staff Authentication
staff authentication portal shows a server error,Staff Authentication
employee access service is currently down,Staff Authentication
hospital printer is offline at the nursing station,Equipment
barcode printer cannot connect to the workstation,Equipment
equipment device is not responding,Equipment
scanner is unavailable at the registration desk,Equipment
printer shows a connection error,Equipment
device cannot be detected by the hospital computer,Equipment
equipment workstation is frozen,Equipment
label printer is not producing output,Equipment
scanner connection has failed,Equipment
hospital device is offline,Equipment
printer application is not responding,Equipment
equipment terminal cannot connect,Equipment
barcode printer is unavailable,Equipment
device support system reports an error,Equipment
scanner is not being detected,Equipment
printer workstation has stopped responding,Equipment
equipment connection to the system is unavailable,Equipment
hospital device cannot communicate with the workstation,Equipment
label printing device is offline,Equipment
equipment service is not responding,Equipment
